,anime_id,price,expected preference,derivative
0,1,50.0,8.59148062612266,0.0
1,5,59.00000000000004,8.133774000629524,0.006245209082946013
2,6,57.00000000000004,8.063595251554553,-0.02317810886919236
3,7,48.000000000000036,7.226451927769644,-0.0025683904985166484
4,8,41.000000000000014,6.909473684210526,-0.02933164419646661
5,15,52.000000000000036,7.744131455399061,-0.038348558473182526
6,16,54.00000000000004,8.062062937062938,-0.005205659830714193
7,17,48.00000000000003,7.3322091062394605,0.043728451317665784
8,18,56.00000000000004,7.846308724832215,-0.054725790519125295
9,19,61.00000000000005,8.74736842105263,0.03348080373272444
10,20,43.00000000000003,7.206896551724137,0.0457115626509329
11,22,49.00000000000004,7.649341142020497,0.01937987631952587
12,24,54.00000000000004,7.993298059964726,-0.01149265243418407
13,25,46.00000000000003,7.27931488801054,-0.010995755634750082
14,26,44.00000000000003,7.423146473779386,-0.023565995399479456
15,27,44.00000000000003,7.117875647668393,-0.03488573085267854
16,28,54.00000000000004,7.770606531881803,-0.005420964092995972
17,29,50.000000000000036,7.400890868596883,0.043879868196591953
18,30,51.00000000000003,8.135052335971405,0.03097175115822426
19,31,41.00000000000003,7.018409714061889,-0.013862603447726274
20,32,49.00000000000004,8.034493284493287,0.010998977280959887
21,33,57.00000000000004,8.188333333333333,-0.01853817414011405
22,43,57.00000000000004,8.245237375264589,0.03842529220813862
23,44,62.00000000000004,8.636485580147552,-0.031758709845573385
24,45,58.00000000000004,8.111524163568772,-0.04290968203672574
25,46,47.00000000000003,7.273318872017353,0.04522202821433863
26,47,49.00000000000004,7.825671641791046,-0.032444283611286484
27,48,42.00000000000003,6.966314935064935,-0.03756181771897271
28,49,48.000000000000036,7.279203771608172,0.0510663648810471
29,50,49.00000000000004,7.349462365591397,-0.043360679051315465
30,51,29.000000000000018,6.183290155440415,0.010184731879626097
31,52,47.00000000000003,7.134384858044164,-0.003369825466313925
32,53,45.000000000000036,7.136673151750973,0.019778046280327644
33,54,43.00000000000003,6.9310865191146895,-0.03374970651023035
34,55,40.00000000000003,6.55108877721943,0.020275188576514447
35,56,27.000000000000014,5.884253028263796,-0.013166350373945312
36,57,56.00000000000004,8.138359569179785,0.02720539285003898
37,58,44.00000000000003,7.011412268188303,-0.027580248435612575
38,59,48.000000000000036,7.4516908212560375,-0.045887862518061984
39,60,49.00000000000004,7.523873570948218,-0.04019762908115476
40,61,43.00000000000003,7.038248847926266,-0.009135843044675074
41,62,41.00000000000003,6.791483113069016,-0.040253305370786086
42,63,34.00000000000002,6.543034605146406,0.004142734510533486
43,64,48.000000000000036,7.324217201743956,-0.013259526271534483
44,65,51.00000000000003,7.420772946859901,0.055414664433162675
45,66,52.000000000000036,7.9133969600565575,0.00016873310925813456
46,67,50.000000000000036,7.56055830706889,-0.03434198881074957
47,68,45.000000000000036,7.175625769388591,0.04237855259145151
48,69,35.00000000000002,6.212643678160919,-0.022676603370941684
49,71,54.00000000000004,7.810832443970117,-0.030159063904602323
50,72,57.00000000000004,8.183981427742308,-0.01974705539128241
51,73,58.000000000000036,8.016511558090663,-0.03850180905427081
52,74,47.00000000000003,7.174331550802139,0.017286817142484923
53,75,46.00000000000003,7.22260569456428,0.01635466397947749
54,76,47.00000000000003,7.273841236014918,-0.028319514146088243
55,77,53.00000000000004,7.807091346153847,-0.017235500117457003
56,79,42.00000000000003,7.198511166253102,-0.031619843847143225
57,80,52.000000000000036,7.629234629861982,0.05512320756888711
58,81,54.00000000000004,7.8530715642811915,0.05016437569465226
59,82,52.000000000000036,7.5791366906474815,0.041100388653666275
60,83,43.00000000000003,6.730612244897958,-0.0017073430213830898
61,84,45.000000000000036,7.128389154704944,0.04197485243493548
62,85,50.000000000000036,7.6878267363704245,-0.008542190454400078
63,86,36.00000000000002,6.4510813594232745,0.032747554076550056
64,87,47.00000000000003,7.368507831821931,-0.022367559670802284
65,88,40.00000000000003,6.636730575176589,-0.015582533753924266
66,89,34.00000000000002,6.572751322751322,0.01909275001127042
67,90,45.000000000000036,7.412264150943397,0.02330183026447319
68,91,46.00000000000003,7.3399089529590285,0.04259098644129666
69,92,47.00000000000003,7.186858316221765,-0.036788470344080504
70,93,45.000000000000036,7.68882042253521,0.004813702511350382
71,94,35.00000000000002,7.045405405405406,-0.025138351368547696
72,95,49.00000000000004,7.49025641025641,-0.023013133830378063
73,96,41.00000000000003,7.09704641350211,0.013757840154517864
74,97,54.00000000000004,7.817890092258325,-0.0346612280135945
75,98,49.00000000000004,7.460297239915076,-0.04701798031451343
76,99,47.00000000000003,7.258515815085158,0.004444796576192123
77,100,44.00000000000003,6.8252516010978965,0.038207120038070586
78,101,42.00000000000003,7.402899527983816,-0.009210641520711937
79,102,50.000000000000036,7.579573934837094,0.042392811397994334
80,103,48.000000000000014,7.186619718309859,-0.04229418093454962
81,104,42.00000000000003,6.947281713344316,-0.030145811429508562
82,105,35.00000000000002,6.361363636363635,0.02923659121459654
83,106,47.00000000000003,7.435761589403973,-0.014480031353504397
84,107,43.00000000000003,6.991270611057226,-0.03734407543602092
85,108,46.00000000000003,7.115492957746479,0.03706546691664303
86,109,40.00000000000003,6.695348837209302,-0.030148465904012878
87,110,50.000000000000014,7.279255319148936,-0.04371896177524692
88,111,40.000000000000014,6.541666666666668,-0.029168871281522568
89,112,18.000000000000007,4.8926654740608235,-0.06892165785059878
90,113,47.00000000000003,7.341915550978372,0.03360746101685097
91,114,49.00000000000004,7.576421800947868,0.0384947857436162
92,115,43.00000000000003,6.805379746835442,0.028917332432825016
93,116,45.000000000000036,6.922173274596181,-0.05510617915121785
94,117,50.000000000000036,7.303879310344827,-0.04802569050100569
95,118,44.00000000000003,6.85212298682284,0.013943414199574122
96,119,33.00000000000002,6.444635193133048,0.03722171815413211
97,120,48.000000000000036,7.586444363899964,-0.00563219995256814
98,121,59.00000000000004,8.253295425174462,-0.04459607532919829
99,122,51.00000000000003,7.73413654618474,0.049238195120796635
100,123,46.00000000000003,7.330827067669172,-0.0323190944514361
101,124,32.00000000000002,6.4935988620199145,0.01569929260870151
102,125,36.00000000000002,6.438563327032136,0.04236459850719054
103,126,42.00000000000003,6.893221912720519,0.025942133135063994
104,127,43.00000000000003,6.798857142857144,-0.00539938235256221
105,128,43.00000000000003,6.716666666666666,-0.022594186421558082
106,129,46.00000000000003,7.297994269340973,0.035695257109611966
107,130,47.00000000000003,7.161498708010335,-0.029522320353323916
108,131,46.00000000000003,7.1706924315619975,0.021226996331291326
109,132,49.00000000000004,7.4002211166390275,-0.03440683215642626
110,133,24.000000000000014,6.143723751749884,0.009884682888413376
111,134,49.00000000000004,7.429144921718185,0.03741442092046188
112,135,57.00000000000004,8.06390328151986,-0.0426224927772737
113,136,58.000000000000036,8.170044052863437,0.04486349790105082
114,137,58.00000000000003,8.057065217391305,-0.017039301872162183
115,138,54.00000000000004,7.8824494259158016,0.0012370179850750285
116,139,54.00000000000003,7.941340782122904,0.050840882133874166
117,141,35.00000000000002,6.1818181818181825,-0.015836507533141253
118,142,43.00000000000003,6.875549048316252,-0.017616677331745212
119,143,35.00000000000002,6.573803191489361,-0.04478894258103705
120,144,41.00000000000003,6.9202049780380674,-0.006409097818480869
121,145,52.000000000000036,7.6454164727780345,-0.032317005686156586
122,146,38.00000000000003,6.733731739707835,-0.0014202747648547343
123,147,42.00000000000003,7.3446351931330485,-0.03654643345590247
124,148,43.00000000000003,6.7130681818181825,-0.04994363759190601
125,149,31.000000000000018,6.590673575129535,-0.03654708587210609
126,150,50.000000000000036,7.584386617100372,0.0009300336879564108
127,151,41.00000000000003,6.864406779661016,0.030948523012407914
128,152,48.000000000000036,7.216274089935759,-0.04177207793389637
129,153,56.00000000000004,8.068909386869235,0.005281523230812879
130,154,46.00000000000003,7.243565300285988,-0.010644890296005016
131,155,31.000000000000018,6.418399495904222,-0.021810001433812398
132,156,48.000000000000036,7.3881856540084385,-0.04719099824069917
133,157,41.00000000000003,6.900515463917526,-0.019874158974164002
134,158,47.00000000000003,7.328790459965927,-0.016913300441979917
135,159,36.00000000000002,6.377873563218391,-0.04076019211049653
136,160,49.00000000000004,7.6120547945205494,-0.031783924540341735
137,161,46.00000000000003,7.130156472261735,-0.03787752942253797
138,162,42.00000000000003,6.824531516183986,-0.010233536331333837
139,163,34.00000000000002,6.155038759689923,-0.031153496471707065
140,164,61.00000000000005,8.64889855860756,0.04100279751946467
141,165,47.00000000000003,7.409946236559139,-0.03607087505965556
142,166,48.000000000000036,7.312375249500997,-0.034374964957863186
143,167,50.000000000000036,7.417745803357313,0.04331973911168019
144,168,45.000000000000036,7.204640095181439,0.02251872202747207
145,169,39.00000000000003,7.057398434588148,0.03271947607301706
146,170,58.00000000000004,8.12551724137931,-0.04191891603209319
147,171,38.00000000000003,6.421621621621622,0.020434600140313064
148,173,46.00000000000002,7.0078125,-0.017019424113326576
149,174,39.00000000000003,6.9049282110981745,0.021023810226808992
150,175,37.00000000000002,6.576470588235296,0.002508729141658228
151,176,34.00000000000002,6.072874493927125,-0.02344688635518344
152,177,47.00000000000003,7.41095890410959,0.030829462157406118
153,178,46.00000000000002,7.05952380952381,0.0305262534938594
154,179,41.00000000000003,6.515873015873016,-0.035882863586004676
155,180,46.00000000000003,7.183085501858735,0.022797748987449018
156,181,49.00000000000004,7.360759493670885,0.008887768701951515
157,182,52.000000000000036,7.663551401869158,0.007364129829954824
158,183,44.00000000000003,7.062992125984254,-0.026358111517462257
159,184,34.00000000000002,6.235928143712575,-0.04116738955569488
160,185,56.00000000000004,7.909737417943107,0.011977298689325844
161,186,56.00000000000004,7.769607843137256,-0.008654745010956089
162,187,55.000000000000036,7.630998702983139,-0.04786581376387933
163,189,43.00000000000003,7.1394101876675595,-0.002675650585449718
164,190,42.00000000000003,7.060839760068552,-0.008163930924170115
165,191,45.000000000000036,7.104484732824426,0.017156432468219518
166,192,43.00000000000003,6.975609756097561,-0.022925072328026763
167,193,39.00000000000003,6.764327485380117,-0.022383150130541485
168,194,50.000000000000036,7.483487450462353,-0.04365829994139536
169,195,44.00000000000003,7.1808669656203294,-0.008263004429989507
170,196,41.00000000000003,6.9172445677300045,0.002998010329528289
171,197,36.00000000000002,6.5568669527897,-0.011761957145865587
172,198,46.00000000000003,7.303848363009763,0.043057587994611346
173,199,59.00000000000004,8.508379888268157,0.013784583022807828
174,200,47.00000000000003,7.454798331015298,0.04190286422749334
175,201,45.000000000000036,7.0600676818950925,0.02903805677001481
176,202,51.00000000000003,7.7233187134502925,-0.030346127575315962
177,203,35.00000000000002,6.60506329113924,0.004268949534881772
178,204,30.000000000000018,6.10557184750733,0.048957465699570935
179,205,60.000000000000036,8.206668582926131,-0.007443403625351008
180,206,46.00000000000003,7.082872928176796,0.025383566167518024
181,207,48.000000000000036,7.3922931143398625,0.05677379885075595
182,208,51.00000000000003,7.553072625698323,-0.03557730702838324
183,209,50.000000000000036,7.452583759227711,-0.038008522590962546
184,210,52.000000000000036,7.643473844591164,-0.03825223394900723
185,211,34.00000000000002,6.242424242424242,0.010257724212408115
186,212,39.00000000000003,6.6970509383378,0.037235033809541074
187,213,36.00000000000002,6.090047393364929,0.03734333766473785
188,215,35.00000000000002,6.21025641025641,0.026856157084971577
189,216,31.000000000000018,5.858870967741934,-0.0005411172122968821
190,218,49.00000000000004,7.423796791443849,0.03471345127298553
191,219,38.00000000000003,6.790971540726202,-0.0019072347463575667
192,221,38.00000000000003,6.58656330749354,0.011281698523466055
193,222,41.00000000000003,6.655875299760192,-0.026155716831479436
194,223,52.000000000000036,7.772945205479452,0.04624083102683341
195,225,27.000000000000014,6.132786885245903,-0.018920181005347425
196,226,35.00000000000002,7.4508133230054225,0.014677883944193448
197,227,43.00000000000003,7.664988814317673,-0.018195559812479445
198,228,49.00000000000004,7.564322469982847,0.02226387389094231
199,229,41.00000000000003,6.845967741935484,-0.030459930708529592
200,230,36.00000000000002,6.746974697469747,-0.00862238958795436
201,231,38.00000000000003,6.277044854881268,-0.0019484660399909925
202,232,54.00000000000004,7.890968266883647,-0.021578589209577448
203,233,48.000000000000036,7.1433333333333335,-0.024794682597607087
204,234,37.000000000000014,6.697297297297297,0.042661448597837937
205,236,37.00000000000002,6.497126436781611,-0.02821420371033867
206,237,54.00000000000004,7.998284734133791,-0.007519250677897049
207,238,45.000000000000036,7.096696212731667,-0.03785772965121359
208,239,56.00000000000004,8.19353208691258,0.017656037984139172
209,240,55.000000000000036,7.745892661555312,0.0237159034245632
210,241,34.00000000000002,6.485849056603775,0.03305235785746641
211,242,49.00000000000004,7.105478331970564,-0.04674259774609213
212,243,35.00000000000002,6.809302325581396,-0.010646940278059458
213,244,41.00000000000003,6.624338624338625,-0.004197338500491865
214,245,61.00000000000005,8.553269880257908,0.0321362471683353
215,246,45.000000000000036,7.047507788161992,0.009115188152382436
216,247,40.00000000000003,6.788321167883213,0.01525213371867229
217,248,36.00000000000002,6.616728427739544,0.03195472470687655
218,249,46.00000000000003,7.406349206349207,0.01876868089311423
219,250,45.000000000000036,7.233333333333332,-0.02870873287368969
220,251,46.00000000000003,7.352207293666026,-0.01699810941842861
221,252,41.00000000000003,6.924281984334202,0.0052993879450286
222,253,52.000000000000036,7.682844243792326,-0.011391158849989647
223,254,51.00000000000003,7.619482496194825,0.021308415066143338
224,255,50.000000000000036,7.455932203389831,0.004048843270278324
225,256,43.00000000000003,7.439091265178221,-0.0015239193147388308
226,257,30.000000000000018,6.333760683760684,0.019864199270283267
227,258,32.00000000000002,6.346701164294955,-0.025371853263851274
228,259,40.00000000000003,6.6104651162790695,0.035762102588988265
229,260,40.00000000000003,6.679320679320679,-0.006207915779430917
230,261,43.00000000000003,6.828981723237598,0.03305670452959575
231,262,41.00000000000003,6.756410256410256,-0.0017658713487731514
232,263,63.00000000000004,8.580094786729857,-0.050155170044154485
233,264,57.00000000000004,8.043056397816859,0.048262434689790634
234,265,57.00000000000004,7.93525641025641,0.028320288763821755
235,266,42.00000000000003,6.791610284167795,-0.041292967975601336
236,267,52.000000000000036,7.759838998211092,0.046503086688289064
237,268,50.000000000000036,7.72494816862474,-0.04052399154557329
238,269,42.00000000000003,7.394478240524098,0.010021062521187285
239,270,43.00000000000003,7.258521086077411,0.0015463202016688937
240,271,42.00000000000003,6.686602870813398,-0.03965325890463911
241,272,46.00000000000003,7.266236985622212,-0.0003521441682162729
242,273,45.000000000000036,6.873731679819616,-0.03822044596047647
243,274,43.00000000000003,7.048579970104635,-0.021418990365069113
244,275,25.000000000000014,5.847309136420526,-0.00216824737350807
245,276,47.00000000000003,7.202850877192983,-0.028322118154507914
246,277,46.00000000000003,7.097494922139472,-0.02491548469785887
247,279,44.00000000000003,7.05921052631579,0.02152133161459069
248,281,26.000000000000014,5.651810584958217,-0.028147799306482923
249,282,47.00000000000003,7.208247422680411,0.005678555879655933
250,283,51.00000000000003,7.526011560693641,0.0005521802145427301
251,284,41.00000000000003,6.687872763419483,-0.005406283273704293
252,285,43.00000000000003,6.8468965517241385,0.04460494440337193
253,286,38.00000000000003,6.631578947368421,0.017966822578609154
254,287,46.00000000000003,7.1119023397761945,-0.004063884310848698
255,288,30.000000000000018,6.141132776230269,-0.02086415295914812
256,289,42.00000000000003,6.654977375565611,-0.032658305564544965
257,290,53.00000000000003,7.683706070287541,-0.03653713640277545
258,291,41.00000000000003,6.872838250254324,-0.012743557787111892
259,292,40.00000000000003,6.641843971631206,0.0552014319742864
260,293,36.00000000000002,6.449453551912569,-0.027902139526509773
261,294,29.000000000000018,6.013565891472867,-0.042692755121107484
262,295,33.00000000000002,6.357682619647354,0.003148371154099827
263,296,39.00000000000003,6.643153526970954,-0.049345202566363544
264,297,40.00000000000003,6.6872727272727275,0.016061728618782967
265,298,36.00000000000002,6.347172081829123,0.0028222319376519645
266,299,38.00000000000003,6.4423229912490045,-0.006593345552446617
267,300,42.00000000000003,6.749412685982771,-0.03117829146609874
268,301,33.00000000000002,6.109589041095891,-0.012851997061323228
269,302,54.00000000000004,7.793157076205286,0.003637873544441672
270,303,40.00000000000003,6.675585284280938,0.0022487109424886853
271,304,49.00000000000004,7.466923925027564,0.044792685687125355
272,305,26.000000000000014,5.4852459016393444,0.04146517184913545
273,306,46.00000000000003,7.174510840824961,0.02865466257153093
274,308,41.00000000000003,6.881763527054107,0.02710387543474413
275,309,35.00000000000002,6.2145748987854255,-0.017510397109023135
276,311,45.000000000000036,6.904290429042904,0.030565415778923466
277,313,43.00000000000003,6.815315315315315,-0.020798106521771942
278,315,29.000000000000018,6.0829015544041445,0.0035717114653521786
279,316,27.000000000000014,5.929824561403509,0.046900252506152484
280,317,45.000000000000036,7.559478916695235,0.004750875283458522
281,318,39.00000000000003,6.666666666666667,0.027084174217372525
282,319,31.000000000000018,5.972573839662448,-0.019928018668857073
283,320,38.00000000000003,6.6492211838006225,-0.029880534891866595
284,321,30.000000000000018,6.038727524204703,-0.011338426525014933
285,322,49.00000000000004,7.52106824925816,0.017298262705458756
286,323,48.000000000000036,7.513468013468012,-0.023930090016549332
287,324,54.00000000000003,7.5759162303664915,-0.011648676075168396
288,325,37.00000000000002,6.886666666666667,-0.0004385649924673052
289,326,46.00000000000003,7.110771581359818,-0.04456584839205502
290,327,46.00000000000003,6.962209302325582,-0.048949568206482996
291,328,37.00000000000002,6.222543352601155,-0.00019349292480830282
292,329,58.00000000000004,8.194818136522171,-0.03152413879050964
293,330,49.00000000000004,7.2924,-0.012138284280987066
294,331,51.00000000000003,7.434042553191491,0.031310646707911616
295,334,47.00000000000003,7.319248826291079,0.012245971508254572
296,335,45.000000000000036,6.982217573221757,0.015631378353312297
297,336,36.00000000000002,6.317002881844379,0.016227080411587602
298,337,32.00000000000002,6.180582524271845,-0.03291231846594456
299,338,54.00000000000004,8.18743961352657,0.016227052949619458
300,339,48.000000000000036,7.775910364145658,0.03108074567660024
301,340,49.00000000000004,7.404347826086957,-0.006324246606293937
302,341,43.00000000000003,7.042918454935623,-0.028162493141560718
303,342,45.000000000000036,6.889408099688474,-0.05198381251532869
304,343,44.00000000000003,7.041278295605858,0.008702588787956267
305,344,46.00000000000003,7.228287841191067,0.04139920012974607
306,345,53.00000000000004,7.567982456140351,-0.027078423948450725
307,346,33.00000000000002,6.151219512195122,0.020215680696844207
308,347,40.00000000000003,6.605187319884725,-0.04206438352314934
309,348,37.00000000000002,6.43103448275862,-0.029571594143314894
310,349,33.00000000000002,6.197183098591549,-0.005087772548665104
311,350,43.00000000000003,6.763440860215054,-0.05626316486029126
312,351,40.00000000000003,6.873239436619719,0.0446159692313538
313,352,41.000000000000014,6.849206349206349,0.011405824817600108
314,353,47.000000000000014,7.2487562189054735,0.037343562885252535
315,354,24.000000000000014,5.70020964360587,-0.028541931398698317
316,355,46.00000000000003,7.508620689655172,0.039337735202126245
317,356,43.00000000000003,7.401261656609984,-0.029797919688271945
318,357,30.000000000000018,6.531421838177534,0.0068681536433083945
319,358,43.00000000000003,6.953183520599251,-0.018542456941678997
320,359,33.00000000000002,6.059016393442623,-0.0389464468894698
321,360,36.00000000000002,6.287790697674417,0.010629909148338501
322,361,29.000000000000018,5.9475065616797895,0.020320524688446917
323,362,34.00000000000002,6.2739273927392745,-0.011414783202198797
324,363,32.00000000000002,6.193916349809886,0.029870678400833905
325,364,50.000000000000036,7.411042944785276,0.05596913307310247
326,365,31.000000000000018,6.006072874493927,-0.004088907639498762
327,366,27.000000000000014,5.877767936226751,0.01962283045311819
328,368,26.000000000000014,6.393883225208526,-0.00811137704551168
329,369,42.00000000000003,7.066749844042421,0.030331708573901328
330,370,40.00000000000003,6.512520868113523,0.007080823790466484
331,371,49.00000000000004,7.249174917491748,-0.03598707336870188
332,372,53.00000000000004,7.76978417266187,-0.004059767158762662
333,373,42.00000000000003,6.71698113207547,-0.06317775902188738
334,374,35.00000000000002,6.298701298701298,-0.0238740289577537
335,375,37.00000000000002,6.47605633802817,-0.01652025787340783
336,376,36.00000000000002,6.898066075745366,-0.013079992573589827
337,377,41.00000000000003,6.612781954887217,0.04901823792104232
338,378,41.00000000000003,6.5964010282776355,0.04695520577794532
339,379,45.000000000000036,7.35787420770356,0.04511014465166674
340,380,40.00000000000003,6.7726723095526005,-0.034194687680653924
341,381,40.00000000000003,6.860495436766622,-0.005768587798438585
342,382,35.00000000000002,6.372866127583108,-0.016020177292159654
343,383,46.00000000000003,7.011086474501108,0.030082165801681104
344,384,38.00000000000003,7.011812476928756,-0.0337301321090232
345,385,34.00000000000002,6.605985037406484,0.017362147681782458
346,386,50.000000000000014,7.215568862275449,0.04934942763080241
347,387,54.00000000000004,7.974358974358974,0.004016780773651862
348,388,53.00000000000004,7.61853448275862,0.04691921972081303
349,389,47.00000000000003,7.340000000000001,0.03394857141471652
350,390,42.00000000000003,7.035874439461883,0.03253440953637465
351,391,43.00000000000003,6.728922091782283,0.009880114906956283
352,392,56.00000000000004,8.064772252402841,0.0036472631000158406
353,393,43.00000000000003,7.009703779366701,-0.04264505282197939
354,394,45.000000000000036,7.045050385299348,0.015230250250392041
355,395,36.00000000000002,6.949507916131793,-0.019946565116968018
356,396,52.000000000000036,7.681415929203539,0.030465716263852305
357,397,54.00000000000003,7.766423357664234,0.05515744651903964
358,398,51.00000000000003,7.5243342516069776,0.00926966819786268
359,399,46.00000000000003,7.164983164983165,0.0327716214348206
360,400,53.00000000000004,7.701359587435538,0.01763266110600281
361,401,46.00000000000003,7.750228728270815,0.03566352960251973
362,403,37.00000000000002,6.52935606060606,-0.0011472259486451364
363,404,41.00000000000003,6.7632812499999995,0.019323601825747994
364,405,40.00000000000003,6.821583300512012,0.023466516355019618
365,406,34.00000000000002,6.419087136929461,0.0326994144897067
366,407,49.00000000000004,7.364705882352941,-0.003180840049334721
367,408,44.00000000000003,7.030681227249089,0.02469914892467917
368,411,47.00000000000003,7.1047364909939965,-0.042527106549036686
369,412,37.00000000000002,6.555495978552279,0.018980592941638008
370,413,10.0,2.6188418323249785,0.12511580250891519
371,415,44.00000000000003,7.026047565118912,0.05288508113024404
372,416,53.00000000000004,7.814278822961891,-0.02583763319275667
373,417,32.00000000000002,6.226277372262775,-0.01413947448164321
374,418,45.000000000000036,7.000945179584121,0.009832800812805353
375,419,39.00000000000003,6.811653116531165,-0.0128933226163217
376,420,40.00000000000003,6.61965811965812,-0.004780770702784154
377,421,43.00000000000003,6.671794871794871,0.0006788613350565686
378,422,44.00000000000002,6.642172523961662,-0.02897651992958894
379,423,39.00000000000003,6.7344262295081965,0.026314571423251998
380,424,48.000000000000036,7.035353535353537,-0.026735897539056586
381,425,31.000000000000018,6.088815789473684,0.011806377084402686
382,426,27.000000000000014,5.976489028213167,-0.017219080536631237
383,427,53.00000000000004,7.862040133779265,0.015218618236807036
384,428,49.00000000000004,7.2475660639777475,-0.027928346122408687
385,429,52.000000000000036,7.632986627043091,0.03537733107408447
386,430,47.00000000000003,7.539594843462248,-0.011743540167321709
387,431,55.000000000000036,8.224405984159578,-0.013985110740096895
388,432,45.000000000000036,6.9021978021978025,0.05329595910879892
389,433,47.00000000000003,7.7252747252747245,0.03625554015221477
390,434,27.000000000000014,5.62326388888889,0.04914273222340981
391,435,47.00000000000003,7.210995542347696,0.00934409487626875
392,437,55.000000000000036,8.070629100733308,-0.03615304105147732
393,438,38.00000000000003,6.486345903771132,-0.02597522899494642
394,439,29.000000000000018,5.862254025044723,-0.01874971076884746
395,440,50.000000000000036,7.839024390243902,-0.021727770278263003
396,441,42.00000000000003,7.174496644295302,-0.004566801951451427
397,442,39.00000000000003,6.705440070765149,0.004632221816963877
398,443,42.00000000000003,7.065989847715737,0.030930860318339692
399,444,50.000000000000036,7.538297872340425,-0.014394399783628553
400,445,34.00000000000002,6.254901960784313,0.022205031387616536
401,446,35.00000000000002,6.473039215686274,-0.003050423369651778
402,447,33.00000000000002,6.5268630849220095,-0.005564805907598891
403,448,41.00000000000003,6.890083632019116,0.037590340910922615
404,449,44.00000000000003,7.1022082018927435,0.027108261959616353
405,450,45.000000000000036,7.178235294117647,0.033242410873910666
406,451,49.00000000000004,7.390797546012269,-0.01927753556372913
407,452,46.00000000000003,7.112733644859816,-0.007006857175164138
408,454,25.000000000000014,5.767911200807265,0.029635019137528196
409,455,49.00000000000004,7.520805369127518,0.013814409506543335
410,456,43.00000000000003,6.838709677419355,-0.03462470626181158
411,457,63.00000000000004,8.681075190701053,-0.003918471664339118
412,458,31.000000000000018,6.171247357293869,-0.030364223076076002
413,459,44.00000000000003,6.91671924290221,-0.02136935235921511
414,460,47.00000000000003,7.077028885832187,-0.049747143514874304
415,461,43.00000000000003,6.844585091420535,0.02743649365983103
416,462,50.000000000000036,7.467752885268161,-0.03399288922021937
417,463,45.000000000000036,7.127737226277371,-0.008803517775737402
418,464,48.000000000000036,7.414736842105263,-0.019737379600396343
419,465,45.000000000000036,7.161514683153013,-0.014460230371234895
420,466,41.00000000000003,6.521608040201005,-0.0040774242559371565
421,467,61.00000000000003,8.356470177886292,0.03321122799258269
422,468,51.00000000000003,7.6681240063593,-0.022029731394814456
423,469,46.00000000000003,7.1532745006967025,0.01539481562955336
424,470,31.000000000000018,6.203319502074687,0.027887367643658734
425,471,38.00000000000003,6.483574244415243,-0.0035663371083195505
426,472,42.00000000000003,6.672397325692456,-0.00788054458029308
427,473,44.00000000000002,6.699757869249394,0.031178815749431488
428,474,51.00000000000003,7.562300319488818,0.0463769168488678
429,475,47.00000000000003,7.09725685785536,-0.022194399208051774
430,476,47.00000000000003,7.091324200913243,-0.028863845472441252
431,477,49.00000000000004,7.626373626373626,0.02919598643275656
432,478,42.00000000000003,6.8960854092526676,-0.01391374053611072
433,479,49.00000000000004,7.461660079051383,-0.036369723043938484
434,481,42.00000000000003,7.050251256281407,-0.0016090005256585993
435,482,34.00000000000002,6.545267489711934,0.04145521299671462
436,483,48.00000000000003,7.303780964797914,0.013252699175113514
437,484,47.00000000000003,7.1521298174442185,-0.03730208170814475
438,485,45.000000000000014,7.0222717149220495,-0.02676599728260909
439,486,56.00000000000004,8.2207563764292,0.026920155327849637
440,487,37.00000000000002,6.622549019607844,0.03053000144829421
441,488,53.00000000000004,7.680272108843536,0.05175127955118275
442,489,50.000000000000036,7.384426229508199,0.03998160159021669
443,490,46.00000000000003,7.259633027522936,0.03097346303700632
444,492,44.00000000000003,6.908163265306122,-0.000652812744749709
445,493,46.00000000000002,7.016666666666668,-0.01564221968756574
446,495,40.00000000000003,6.702020202020202,-0.0215383328475538
447,496,39.00000000000003,6.5568181818181825,0.027711719727872897
448,497,39.00000000000003,6.681724845995893,-0.01839936051796487
449,498,37.00000000000002,6.013698630136985,0.014386042564993873
450,499,33.00000000000002,6.012360939431397,0.0014733803971304082
451,501,43.00000000000003,6.82101167315175,-0.014623906462952085
452,502,39.00000000000003,6.4886778670562455,0.020563515120120446
453,503,27.000000000000014,5.596385542168674,0.04230892574227374
454,504,34.00000000000002,6.343096234309622,-0.022996401838039304
455,506,46.00000000000003,7.075697211155378,-0.030799060264951383
456,507,34.00000000000002,6.512408759124088,-0.013343198272416479
457,508,35.00000000000002,6.310722100656454,-0.031942820964388274
458,509,42.00000000000003,6.847547169811321,0.019859977549519958
459,510,27.000000000000014,5.942148760330579,0.023356605851307055
460,511,33.00000000000002,6.234113712374582,0.023561154951001417
461,512,57.00000000000004,7.963165572574763,0.04530916785886485
462,513,57.00000000000004,8.136220747467693,0.04993944552325891
463,514,40.00000000000003,6.871888281724346,-0.035536499405940614
464,515,30.000000000000018,6.061784897025171,-0.0006628167244930872
465,516,47.00000000000003,7.326530612244898,-0.015688147578150735
466,517,52.000000000000036,7.558278867102397,-0.012567037223195743
467,519,50.000000000000036,7.332975295381311,-0.012480288607392698
468,520,44.00000000000003,6.865079365079365,0.04763169681341528
469,521,34.00000000000002,6.587719298245613,0.017008229874268643
470,522,47.00000000000003,7.276500280426248,-0.04158062195046508
471,523,56.00000000000004,8.170020120724345,-0.016052471901284338
472,524,41.00000000000003,6.908540685944855,0.011384749002700145
473,525,46.00000000000003,6.889748549323016,-0.022027621623200155
474,526,43.00000000000003,6.934280639431616,0.03876972370184084
475,527,39.00000000000003,6.7363867684478365,-0.012031780565932126
476,528,42.00000000000003,6.973684210526315,0.01884965431152752
477,529,37.00000000000002,7.157098121085594,0.0060046518701343254
478,530,46.00000000000003,7.162138475021911,0.03836301923718943
479,531,45.000000000000036,7.074166666666666,0.050110517589995074
480,532,47.00000000000003,7.300416418798335,-0.013800407332822395
481,533,40.00000000000003,6.698863636363637,-0.008596411764657086
482,534,53.00000000000004,7.6927212572373875,-0.030028185670667562
483,535,56.00000000000004,7.940629839958699,0.04642928128113455
484,536,48.000000000000036,7.124236252545826,-0.02424256735005592
485,537,17.000000000000007,4.855313700384123,-0.04569814734173794
486,538,39.00000000000003,6.708765315739868,0.004448806736935151
487,539,51.00000000000003,7.5211920529801315,-0.020098106507527413
488,540,50.000000000000036,7.501244813278009,-0.021918157905450486
489,541,43.00000000000003,7.157784743991639,0.023173544519483724
490,543,54.00000000000004,7.767011197243755,-0.008502829689525537
491,544,40.00000000000003,6.658940397350993,0.023280789773071353
492,545,33.00000000000002,6.0462427745664735,-0.01985163069234075
493,546,27.000000000000014,5.962699822380107,-0.014062212099664628
494,547,32.00000000000002,6.253787878787879,-0.01938343930520725
495,548,43.00000000000003,6.895176252319109,0.0015489261629199058
496,550,39.00000000000003,6.675295857988166,0.004791807201015463
497,551,46.00000000000003,7.108910891089107,0.020818157521754643
498,552,46.00000000000003,7.260115606936417,0.030251201525360316
499,553,36.00000000000002,6.690078037904125,-0.02960417524793002
500,554,39.00000000000003,6.754614549402823,0.03205187941513166
501,555,32.00000000000002,6.277108433734939,-0.012286248541495515
502,556,30.000000000000018,6.0115740740740735,0.0018837121832802062
503,557,38.00000000000003,6.572761194029852,0.033107362594397505
504,558,58.00000000000004,8.027397260273974,-0.03296627417025444
505,559,36.00000000000002,6.357512953367876,0.014861194090802776
506,560,47.00000000000003,7.20827389443652,-0.04356007837536313
507,561,46.00000000000003,6.873164218958611,-0.014893292482386689
508,562,36.00000000000002,6.3875598086124405,0.03708697433385255
509,563,40.00000000000003,6.678517397881996,-0.02069291081676672
510,564,29.000000000000018,6.371141421392678,-0.026962527949720316
511,565,49.00000000000004,7.348440258975869,-0.004606905348480073
512,566,48.000000000000036,7.060455896927651,0.06321251559564789
513,567,47.00000000000003,7.290046656298599,0.04594601969660994
514,568,46.00000000000003,7.0165853658536586,0.04837245287029024
515,569,54.00000000000003,7.797743055555556,-0.04734243583986664
516,570,50.000000000000036,7.604640151515151,0.0376239758197876
517,571,31.000000000000018,5.933920704845814,-0.05048987594246601
518,572,58.00000000000004,8.307692307692307,0.03242764517481578
519,573,48.000000000000036,7.221212121212121,-0.05666390080416939
520,574,28.000000000000014,5.696356275303644,-0.01391940473356612
521,576,36.00000000000002,6.4437148217636,-0.010269552740964083
522,577,32.00000000000002,6.224188790560473,-0.0004956490737788588
523,578,52.000000000000036,8.27879213483146,0.013887973860540637
524,579,40.00000000000003,6.815275310834814,0.03769360152861878
525,580,37.00000000000002,6.398648648648648,0.04161582995845248
526,581,28.000000000000014,6.199999999999999,0.038956052013730647
527,582,49.00000000000004,7.469333333333332,-0.03151341290502074
528,584,52.000000000000036,7.582662538699691,-0.035635027740417824
529,585,55.000000000000036,8.020206555904805,0.02255558266971014
530,586,48.000000000000036,7.246543778801844,0.029704361322708484
531,587,48.000000000000036,7.513363028953229,0.040994430942843385
532,588,26.000000000000014,5.916470588235294,-0.0017874149562544517
533,589,45.000000000000036,7.464968152866244,-0.03867377351449419
534,590,39.00000000000003,6.5066518847006645,-0.026575421705257507
535,591,34.00000000000002,6.405521472392636,-0.036148931607209445
536,593,49.00000000000004,7.4916527545909855,-0.0036761373318926482
537,594,37.00000000000002,6.387742338961852,-0.02310824529607014
538,595,42.00000000000003,6.712359550561799,-0.04768365264033092
539,596,41.00000000000003,6.666041275797375,-0.04313331486825733
540,597,51.00000000000003,7.567128523650262,-0.014811271094228862
541,598,38.000000000000014,6.671597633136095,-0.03720981719989658
542,599,43.00000000000003,6.488126649076517,-0.0013981677900999356
543,600,14.000000000000004,4.741052631578947,0.04126548375873473
544,601,38.00000000000003,6.871244635193133,-0.03467081458687982
545,603,44.00000000000003,6.729390681003585,-0.03386936791082673
546,604,37.00000000000002,6.996996996996996,0.018881545233783048
547,605,41.000000000000014,6.753488372093023,-0.026013085638940336
548,606,48.000000000000036,6.986506746626687,-0.03059666068648914
549,608,39.000000000000014,6.594405594405596,0.014466041842633337
550,609,42.00000000000003,7.025799793601651,0.02004968690949427
551,610,33.00000000000002,6.331877729257641,-0.04077860786039311
552,612,38.00000000000003,6.369127516778525,0.01137814813725646
553,613,45.000000000000036,7.095238095238095,0.024501573888526584
554,614,37.00000000000002,6.413716814159292,0.04628049456522976
555,615,34.00000000000002,6.432389937106918,0.021680832187270016
556,617,47.00000000000003,7.429027841168417,-0.021499979255617085
557,618,32.00000000000002,6.430308699719363,-0.015282862893797322
558,619,26.000000000000014,5.511428571428572,-0.006596713927888964
559,620,48.000000000000036,7.058375634517767,-0.0339096617583271
560,621,41.00000000000003,6.793557833089311,-0.0174341145706699
561,622,36.00000000000002,6.37142857142857,0.015157361328910546
562,623,38.00000000000003,6.699421965317918,0.04542654838326399
563,624,24.000000000000014,5.885514018691588,-0.0018318259947749382
564,625,28.000000000000014,5.755555555555556,0.022932860389408338
565,626,40.00000000000003,6.635696821515891,-0.0030987456831956806
566,627,59.00000000000004,8.104967948717949,-0.05155693414542972
567,629,47.000000000000014,6.990774907749079,-0.04504576278978589
568,630,44.00000000000003,6.719148936170212,-0.06204686880014354
569,631,46.00000000000003,6.957777777777777,-0.037228052761477226
570,632,41.00000000000003,6.718689788053949,0.025912926266369207
571,633,46.00000000000003,6.98050139275766,-0.04637731604084483
572,634,42.00000000000003,7.158590308370043,0.023879807863436686
573,635,39.00000000000003,6.643203883495146,-0.02138414529970445
574,636,39.00000000000003,6.804794520547945,0.03974225769288908
575,637,33.00000000000002,6.482866043613707,0.002267180550080794
576,641,39.00000000000003,6.627243928194297,0.009344374104827025
577,642,39.00000000000003,6.624875621890545,-0.028103741355005263
578,644,50.000000000000036,7.594907407407407,0.044565697001973104
579,645,55.000000000000036,7.7707423580786035,0.0022886308742327
580,646,41.00000000000003,6.740350877192982,-0.013066164110913991
581,647,28.000000000000014,5.809248554913295,-0.04176708589083622
582,648,28.000000000000014,6.0927318295739346,-0.015360941366320935
583,649,39.00000000000003,6.728434504792332,0.014347830510172632
584,650,48.000000000000036,7.029484029484029,-0.05228738304079561
585,651,21.00000000000001,5.852398523985239,0.04146752130285769
586,652,48.000000000000036,7.058419243986253,-0.020495241642184525
587,653,48.000000000000036,7.208416833667335,0.026823899284303065
588,654,47.00000000000003,7.007434944237918,-0.012147321590485927
589,655,46.00000000000003,7.1536585365853655,0.0143336655169094
590,656,44.00000000000003,7.236621534493874,0.030021154412891327
591,658,54.00000000000004,7.767870302137067,-0.027905325148003257
592,659,44.00000000000003,6.888157894736841,-0.012973627133497478
593,660,41.00000000000003,6.471014492753622,0.025726811732070254
594,661,30.000000000000018,6.159090909090909,0.011530755599191478
595,664,45.000000000000036,6.933147632311975,-0.05557080189215391
596,665,43.00000000000003,6.794372294372294,0.05689057050249546
597,666,47.00000000000003,7.0787083753784055,-0.0009279847812748709
598,667,39.00000000000003,6.65472312703583,-0.01231651488707175
599,668,25.000000000000014,5.746450304259636,-0.023527513223699725
600,669,32.00000000000002,6.073324905183311,-0.013526267491886457
601,670,40.00000000000003,6.764705882352941,-0.02774055338639514
602,671,42.00000000000002,6.565217391304349,-0.06001281394900537
603,673,39.00000000000003,6.726474278544543,-0.00028457940629844636
604,675,16.000000000000007,5.157657657657657,0.043234524994977375
605,676,29.000000000000018,5.751381215469612,0.026998708844693797
606,678,45.000000000000036,7.126785714285715,0.05067303040891036
607,679,40.00000000000003,6.587822014051521,-0.02165200534205114
608,681,21.00000000000001,5.049773755656108,-0.02164250863822914
609,682,36.00000000000002,6.4360465116279055,-0.008712817375110093
610,683,36.00000000000002,6.317708333333333,-0.05234846996650988
611,684,39.00000000000003,6.487654320987654,-0.019776756684484198
612,685,34.00000000000002,6.352293577981652,0.013217349796972977
613,686,31.000000000000018,5.94422310756972,-0.01647339562563699
614,687,35.00000000000002,6.463863337713534,-0.03727902295354213
615,688,40.00000000000003,6.6598465473145785,-0.01764888199142256
616,689,42.00000000000003,6.768211920529802,-0.03235321587786111
617,690,44.00000000000003,7.010822510822511,0.005388403925109864
618,691,49.00000000000004,7.440894568690095,0.0018133950202565696
619,693,34.00000000000002,6.1345381526104426,0.010012795111626116
620,694,41.00000000000003,6.775155279503105,-0.014453893737368717
621,695,24.000000000000014,5.628180039138942,0.036941401404817054
622,696,48.000000000000036,7.271700776287933,0.03657917760238283
623,704,40.00000000000003,6.652719665271967,0.002744567921646235
624,705,16.000000000000007,4.6923076923076925,-0.011129579112311272
625,706,41.00000000000003,6.620111731843576,0.045415078797835684
626,707,39.00000000000003,6.45014245014245,-0.046137221135551076
627,709,49.00000000000004,7.437858508604206,-0.018257414267378702
628,710,49.00000000000004,7.346050269299819,-0.027791390299895413
629,711,41.00000000000003,6.683397683397682,0.03377910909698101
630,712,46.00000000000003,6.983471074380166,-0.023195912038182276
631,713,42.00000000000003,7.150107991360692,0.014698915493786546
632,715,39.00000000000003,6.337801608579088,0.0065332038638304946
633,718,33.00000000000002,6.339950372208437,0.027354591088393665
634,719,32.00000000000002,6.656028368794326,0.011450146410344586
635,721,54.00000000000004,8.013370865587612,0.05059708017173026
636,722,34.00000000000002,6.020905923344948,0.03471683738195497
637,723,39.000000000000014,6.450261780104712,0.006953322838055276
638,724,15.000000000000004,4.917293233082707,-0.07143822475333328
639,725,21.00000000000001,5.048387096774193,-0.017053657304316294
640,730,15.000000000000004,4.637450199203187,0.04462776336789942
641,731,49.00000000000004,7.580294802172227,-0.030668894037659378
642,732,42.00000000000003,6.854788877445932,0.004403763292852303
643,733,23.00000000000001,5.78525641025641,0.0364379918399923
644,734,26.000000000000014,6.199186991869918,-0.03183398090420264
645,736,17.000000000000007,5.154061624649859,0.03435027415564518
646,738,42.00000000000003,7.060830860534126,0.0019517222027713999
647,740,45.000000000000036,7.097963676389654,0.037790334161575734
648,741,21.00000000000001,6.183520599250936,0.023168850179469458
649,743,43.00000000000003,6.865151515151516,-0.005963258088344747
650,744,36.000000000000014,6.48989898989899,0.040721600836655325
651,746,18.000000000000007,5.609708737864077,-0.05141374814840993
652,747,26.000000000000014,6.234828496042216,-0.00859641176465642
653,748,29.000000000000018,5.852589641434262,0.015452631133076933
654,750,42.00000000000003,6.718685831622176,0.010542241719906253
655,752,14.000000000000004,4.506289308176101,0.09544763396765288
656,753,29.000000000000018,6.009900990099011,-0.004829332151914056
657,755,15.000000000000004,5.202777777777778,0.05295776008548525
658,756,22.00000000000001,5.7665198237885456,0.006559977352225799
659,757,41.00000000000003,6.62686567164179,0.013143354757887749
660,758,44.00000000000003,7.033092037228542,0.012315481069740009
661,759,59.00000000000004,8.117040358744395,-0.01270085429716683
662,760,40.00000000000003,6.797443461160274,0.034203570900590785
663,761,33.00000000000002,6.03848706038487,-0.04720660624988626
664,762,39.00000000000003,6.638485477178424,-0.010840230255791505
665,763,47.00000000000003,7.221889055472264,0.03782344390129011
666,764,45.000000000000036,7.119842829076621,0.025757313481747812
667,765,17.000000000000007,4.893992932862192,0.03250622597015684
668,766,30.000000000000018,5.920255183413078,-0.038103756689634394
669,767,34.00000000000002,5.9898477157360395,0.004030170336711936
670,769,37.00000000000002,6.360347322720694,0.03681529661927241
671,770,48.000000000000036,7.453921007441329,0.034786994158285345
672,771,38.00000000000003,6.473684210526316,0.037328559515663606
673,773,34.00000000000002,6.078651685393258,0.052217129105923465
674,776,43.00000000000003,6.682051282051281,-0.042129849647558726
675,777,55.000000000000036,8.30436662343277,-0.012465092907605557
676,779,53.00000000000004,7.529520295202954,-0.0011429909018434437
677,780,53.00000000000004,7.556851311953354,-0.0014127234718801507
678,781,53.00000000000004,7.683098591549295,-0.021299457027192048
679,782,40.00000000000003,6.687898089171975,-0.04647636631404173
680,783,38.00000000000003,6.602373887240357,-0.007998335144778324
681,785,45.000000000000036,7.02514506769826,-0.028280911201922998
682,786,21.00000000000001,5.431095406360424,-0.030797642585745466
683,788,13.000000000000004,4.516493873704052,-0.0620537059805385
684,789,45.000000000000036,6.958363244795406,0.05737498655419926
685,790,52.000000000000036,7.825026891358912,0.000803219963240398
686,791,35.00000000000002,6.131233595800524,-0.03338464468818492
687,792,47.00000000000003,7.188059701492536,0.03770629112857915
688,793,56.00000000000004,7.8001054852320655,-0.03753475932183781
689,795,47.00000000000003,7.569029850746268,0.020637147485110918
690,797,37.00000000000002,6.487332339791357,0.02052485796064729
691,798,50.000000000000036,7.327552986512524,-0.0015646561007708337
692,799,35.00000000000002,6.422442244224421,-0.04125353156132683
693,800,44.00000000000003,6.852135815991238,0.02918280493968406
694,801,62.000000000000036,8.415940224159403,0.022247888209027233
695,807,45.000000000000036,7.093586387434555,0.047371084984296874
696,808,38.00000000000003,6.518375241779498,0.0005359272711136231
697,810,41.000000000000014,6.407216494845361,0.050174688267617396
698,811,41.00000000000003,6.830206378986866,0.018832903222919306
699,812,36.00000000000002,6.7086446104589115,-0.014226223783467384
700,813,48.000000000000036,7.7190138466734215,-0.027360993341509765
701,814,42.00000000000003,6.8816466552315605,0.031672702461692626
702,815,37.00000000000002,6.779329608938548,-0.016318503041382937
703,816,24.000000000000014,5.687392055267702,0.004934115133496397
704,817,36.00000000000002,6.317073170731707,-3.411975207778806e-05
705,818,34.00000000000002,6.139966273187183,0.03913979272728041
706,819,31.000000000000018,6.216666666666666,0.010622226325203488
707,820,60.00000000000004,9.023454157782517,-0.017570735952923577
708,821,46.00000000000003,7.018750000000001,0.007188405619607652
709,822,47.00000000000003,6.98019801980198,-0.04796724664516383
710,823,26.000000000000014,6.129943502824858,-0.01333365231815642
711,824,24.000000000000014,5.817180616740088,-0.0004303108707198744
712,825,32.00000000000002,6.100931677018634,-0.021973008324530086
713,827,25.000000000000014,5.6730769230769225,0.026286035151613873
714,830,33.00000000000002,6.435571687840291,0.016998240465472714
715,831,46.00000000000003,7.032967032967033,0.0397040216936968
716,833,38.00000000000003,6.287519747235387,-0.04544638383799382
717,834,35.00000000000002,6.507869884575026,-0.006886604323353085
718,835,34.00000000000002,6.2398081534772185,-0.012336293744083071
719,836,35.00000000000002,6.4644412191582,-0.007357687673564484
720,837,47.00000000000003,7.3358547655068085,0.040637378908214505
721,838,31.000000000000018,6.15082382762991,-0.008433660946405297
722,839,34.00000000000002,6.150537634408602,0.0058089029484209576
723,840,43.00000000000003,6.678321678321679,-0.019924637497113817
724,841,21.00000000000001,5.782918149466191,0.01746798856641607
725,842,49.00000000000004,6.982543640897754,-0.05681117693282456
726,844,46.00000000000003,7.0857142857142845,-0.02121481475492759
727,845,46.00000000000003,7.216666666666667,0.03761788393855081
728,846,54.00000000000004,7.898814563928874,0.016888016288299612
729,848,35.000000000000014,6.186770428015564,0.005697858108330567
730,849,52.000000000000036,8.025715800636267,-0.028894309195713008
731,850,31.000000000000018,6.292808219178083,0.0355116524105028
732,851,54.00000000000003,7.672064777327934,-0.02699973487323204
733,852,49.00000000000002,7.242914979757086,0.020405457730394927
734,853,56.00000000000004,8.075879883758475,-0.044979424812825686
735,854,27.000000000000014,6.040155440414508,-0.009161381704199556
736,855,41.00000000000003,7.068199233716475,-0.02389880054146931
737,856,51.00000000000003,7.6764835164835175,0.04587395843445574
738,857,43.00000000000003,7.267193675889328,0.034435445977521684
739,858,33.00000000000002,6.030456852791877,0.02136090300422211
740,859,35.00000000000002,6.609911054637865,0.03692751039543096
741,860,39.00000000000003,6.695813953488373,-0.002868572624957433
742,861,56.00000000000004,7.906130268199234,-0.03966421917758056
743,863,41.00000000000003,6.612365063788027,0.019418975029614538
744,864,29.000000000000018,5.955725190839694,-0.02548538695474223
745,866,44.00000000000003,7.051990251827783,0.04715900384128735
746,867,47.00000000000003,7.170771756978653,-0.015430330953179916
747,868,47.00000000000003,7.151342554922701,-0.024651375061467307
748,869,48.000000000000036,7.187299035369775,0.04986800092258148
749,870,40.00000000000003,6.774661508704062,-0.05185393714788522
750,872,43.00000000000003,6.986899563318777,0.052323100752483476
751,873,41.00000000000003,6.815059445178337,-0.0026344448675869048
752,874,45.000000000000036,7.127906976744187,-0.0025931712251141548
753,875,44.00000000000003,7.3698752228163995,-0.019586414985884537
754,876,41.00000000000003,6.830334190231363,0.011615376757753704
755,877,57.00000000000004,8.289066166119191,0.03274073738135064
756,878,50.000000000000036,7.337423312883435,-0.03947132101007911
757,879,46.00000000000003,7.318128654970759,-0.02210823800922168
758,880,50.000000000000036,7.459918080748976,0.03650397116128212
759,881,23.00000000000001,5.732128829536528,-0.024250954095870747
760,882,41.00000000000003,6.620205799812909,-0.04583839958648739
761,883,44.00000000000003,6.929050814956856,0.06202356614058979
762,884,43.00000000000003,6.915053763440859,-0.011162530953882643
763,885,38.00000000000003,7.084550345887778,-0.019595979397852403
764,886,38.00000000000003,6.631054131054131,0.006648610127135135
765,887,31.000000000000018,6.087470449172576,-0.0381715140872686
766,888,32.00000000000002,6.212418300653595,-0.019854532053259044
767,889,59.00000000000004,8.13463687150838,0.012599473261116989
768,890,48.000000000000036,7.3777239709443085,-0.01744371289643909
769,891,38.00000000000003,6.460691823899371,-0.0013527872084758696
770,892,39.00000000000003,6.512861736334405,0.00223975912845098
771,893,42.00000000000003,6.780427631578948,0.000192632418625438
772,894,37.00000000000002,6.424354243542436,0.02372813834471088
773,895,36.00000000000002,6.404383561643835,-0.023927678141052677
774,896,37.00000000000002,6.421052631578946,-0.03557270629204223
775,897,34.00000000000002,6.287878787878787,-0.024958016164715713
776,898,41.00000000000003,6.696243875884595,0.011047446757743717
777,899,37.00000000000002,6.570125427594071,0.03380285367614044
778,900,39.00000000000003,6.640469208211146,-0.002990722057568007
779,901,43.00000000000003,7.054729011689691,0.005986304054868108
780,902,41.00000000000003,6.800240673886885,0.04434708283514366
781,903,35.00000000000002,6.554085155350976,-0.02848967557855775
782,904,24.000000000000014,5.845503922751962,0.0012818452647338496
783,905,42.00000000000003,7.069420539300058,0.037176457197279356
784,906,44.00000000000003,6.987752602571953,-0.011244471143498913
785,907,39.00000000000003,6.85232558139535,0.0029056763548940268
786,908,45.000000000000036,7.035520770620108,-0.007309473827904145
787,909,35.00000000000002,6.36927621861152,-0.011127049381579601
788,910,38.00000000000003,6.393939393939394,0.03374073426040991
789,911,41.00000000000003,6.824817518248176,0.030427526454177345
790,913,33.00000000000002,6.642533936651583,-0.0071711695436044165
791,914,42.00000000000003,7.321266968325792,-0.008639012532343893
792,916,34.00000000000002,6.417818740399385,0.007812474848100326
793,917,44.00000000000003,6.872417982989064,-0.044305182292391776
794,918,56.00000000000004,8.695109261186266,0.028708539118044163
795,919,40.00000000000003,6.646840148698884,-0.02565632819334629
796,920,32.00000000000002,6.1674528301886795,0.01915169328099764
797,921,38.00000000000003,6.46268656716418,0.030789374242911616
798,925,37.00000000000002,6.441860465116279,-0.019753303913076836
799,927,26.000000000000014,6.056872037914692,0.0070268519612913805
800,928,37.00000000000002,6.3526570048309186,-0.023620782846214494
801,929,43.00000000000003,6.912727272727272,-0.012856052580706767
802,930,42.00000000000003,6.705501618122977,0.016862038920525957
803,932,31.000000000000018,6.161240310077519,0.03226374567917534
804,933,41.00000000000003,6.915238095238095,0.025474680533890015
805,934,51.00000000000003,7.99775425088226,0.01417077861530025
806,935,43.00000000000003,7.0950819672131145,-0.014337947315499977
807,936,35.00000000000002,6.481927710843374,0.0011678890104980244
808,937,40.00000000000003,6.45054945054945,-0.036772306038604374
809,938,46.00000000000003,7.073170731707318,-0.015739104815493343
810,940,44.00000000000003,7.146675358539766,0.014959736149424141
811,941,45.000000000000036,7.013941698352343,-0.015861673576898716
812,942,40.00000000000003,6.583815028901735,0.04678584538824593
813,943,42.00000000000003,6.476070528967253,-0.03480129351326411
814,944,49.00000000000004,7.30263157894737,0.056774291673945654
815,949,50.000000000000036,7.725041829336307,0.015610955706613416
816,950,33.00000000000002,6.2650231124807405,0.004242061859153989
817,952,31.000000000000018,6.37890625,0.01802582402453501
818,953,47.00000000000003,7.1917366042608135,-0.017103039153046007
819,957,53.00000000000004,7.7881591119333935,0.0046155964769070135
820,958,45.000000000000036,7.0964052287581705,0.03445450095613933
821,959,50.000000000000036,7.339622641509433,0.01135409965165024
822,960,46.00000000000003,7.261363636363637,0.018689776988407236
823,961,45.000000000000014,6.774647887323944,-0.05904503892405999
824,962,54.00000000000004,8.013262599469495,-0.009799935184419684
825,963,44.00000000000003,7.049808429118775,0.0368338101163348
826,964,23.00000000000001,5.491764705882352,0.011232976529394811
827,965,44.00000000000003,6.86617100371747,-0.01784844203799274
828,967,52.000000000000036,7.7994296577946765,-0.02340133404335154
829,969,44.00000000000003,7.309373482272949,0.03730295518765592
830,971,41.00000000000003,6.902061855670103,-0.02188502557165961
831,972,31.000000000000018,6.408190224570673,0.02017118135338658
832,973,34.000000000000014,6.488372093023256,-0.013880351249040634
833,974,38.00000000000003,6.834615384615384,-0.017684038524180767
834,975,46.00000000000003,7.09375,0.032262209212866044
835,976,46.00000000000003,7.078709677419354,0.0116669196025313
836,977,15.000000000000004,4.890070921985815,-0.06531355547456208
837,978,46.00000000000002,7.289893617021275,-0.03538707133964891
838,979,35.00000000000002,6.366492146596858,0.022309363322785658
839,980,24.000000000000014,6.135265700483092,-0.00495062764299381
840,981,37.00000000000002,6.663503019844694,0.012881784862980195
841,982,28.000000000000014,5.976090014064698,-0.03474783189625674
842,983,25.000000000000014,5.700704225352113,-0.015612927676642685
843,984,34.00000000000002,6.424270931326434,-0.03393485550386577
844,985,48.000000000000036,7.229217603911982,-0.019709357888434864
845,986,47.00000000000003,7.208061647895673,-0.015695972521564072
846,987,28.000000000000014,6.174654752233957,-0.04201685369779762
847,990,47.00000000000003,7.025216706067769,-0.03001456044690831
848,991,22.00000000000001,5.566265060240964,0.050505345082832775
849,992,45.000000000000036,7.019002375296911,0.006696710578138032
850,993,43.00000000000003,6.791338582677166,-0.0165571933262878
851,994,21.00000000000001,4.96875,0.01888441268065999
852,995,50.000000000000036,7.629989212513484,-0.048932820940681965
853,996,46.00000000000003,7.314225053078556,-0.04069239313876383
854,997,46.00000000000003,7.044504995458674,-0.045256906096232674
855,998,44.00000000000003,6.934782608695653,0.02800802652874257
856,999,35.00000000000002,6.3733624454148465,0.02825091627041665
857,1000,54.00000000000003,7.661068702290078,-0.03387431361483273
858,1001,46.00000000000003,6.723300970873787,0.057022764000348114
859,1002,46.00000000000003,7.455541237113401,-0.005351443251229604
860,1003,48.000000000000036,7.30199203187251,0.05190008755006148
861,1004,45.000000000000036,7.123924268502582,-0.017633035395573815
862,1005,39.00000000000003,6.598705501618124,0.02415367582961858
863,1006,50.000000000000036,7.326492537313432,0.049242144564982326
864,1007,52.00000000000003,7.487826086956523,0.028974956953061515
865,1008,48.000000000000036,7.309935205183585,0.021761976073453093
866,1009,17.000000000000007,4.591695501730103,-0.04894541494096727
867,1010,47.00000000000003,7.15456674473068,0.04246400070646417
868,1011,51.00000000000003,7.415628539071348,-0.0027820486744372097
869,1012,32.00000000000002,6.356756756756757,-0.015132616104665986
870,1013,45.000000000000036,7.185576923076923,-0.008276665690473806
871,1014,45.000000000000036,6.874193548387096,0.051693991278996765
872,1015,50.00000000000003,7.55258620689655,0.026779830447961395
873,1016,45.000000000000036,7.0085158150851585,0.0398913496400074
874,1017,47.00000000000003,7.076034648700674,-0.05932813595936548
875,1018,38.00000000000003,6.671383647798742,0.031582570063171445
876,1019,27.000000000000014,6.277777777777778,0.013965915681758645
877,1020,32.00000000000002,6.524115755627009,-0.02138030703692484
878,1021,43.00000000000003,7.148148148148148,0.005078422633113311
879,1022,43.00000000000003,6.840476190476189,-0.027465108318758258
880,1023,49.00000000000004,7.728793998845932,0.0138398403675708
881,1024,40.00000000000003,6.609195402298849,0.016826350031858284
882,1025,44.00000000000003,6.969924812030074,0.010003022649753501
883,1026,34.00000000000002,6.064777327935223,0.0031291268080143597
884,1027,25.000000000000014,5.273743016759775,0.02942348984011156
885,1028,45.000000000000036,6.850622406639003,-0.00321957183902577
886,1029,48.00000000000003,7.461864406779661,0.012754847898575505
887,1030,46.00000000000003,7.203013481363995,0.03455424156939624
888,1031,23.00000000000001,5.004065040650406,-0.029904311500764225
889,1032,45.000000000000014,6.802030456852791,-0.038182903632177356
890,1033,57.00000000000004,8.154659949622166,0.010512490386578976
891,1034,50.00000000000003,7.517270429654591,-0.040045735277311256
892,1036,24.000000000000014,5.504032258064516,-0.012665846845991036
893,1037,26.000000000000014,5.724489795918367,0.03743241676113773
894,1039,38.00000000000003,6.411971830985915,0.0059414238817396825
895,1041,26.000000000000014,6.0562347188264045,-0.007933776976031925
896,1042,19.000000000000007,5.787012987012988,0.04253438125377906
897,1043,38.00000000000003,6.441237113402063,-0.0316310938781843
898,1044,41.00000000000003,6.501326259946949,-0.028705107320726175
899,1045,43.00000000000003,6.932663316582914,-0.039013151000131585
900,1046,43.00000000000003,6.8977556109725695,-0.028868336789099946
901,1047,47.00000000000003,7.289122137404579,-0.002061187411878662
902,1048,33.00000000000002,6.309551208285386,0.019000058894366068
903,1049,46.00000000000003,6.8258527827648106,0.050713594637608495
904,1050,30.000000000000018,6.516806722689076,-0.04314245218432211
905,1051,42.00000000000003,6.8259162303664915,0.0020759034437902724
906,1053,18.000000000000007,4.927083333333334,-0.03657525108912707
907,1055,25.000000000000014,5.708381171067739,-0.037775641117307135
908,1056,32.00000000000002,5.864553314121037,0.0219436829009787
909,1057,25.000000000000014,6.120822622107968,-0.008966817067601163
910,1059,16.000000000000007,4.867924528301887,-0.05376079823952429
911,1060,44.00000000000003,7.031788079470197,-0.033199603360623664
912,1062,26.000000000000014,6.002754820936639,0.0021186066426612804
913,1064,45.000000000000014,7.070175438596492,0.046763076700349626
914,1065,55.000000000000036,7.992867332382312,-0.04185721180959834
915,1066,40.00000000000003,6.9310872894333855,-0.022747636929722814
916,1067,34.00000000000002,6.4310679611650485,0.009394571364223836
917,1069,44.00000000000002,7.017241379310345,0.006554386524729061
918,1070,41.000000000000014,6.499999999999999,-0.022138357014193533
919,1071,31.000000000000018,6.137254901960783,0.03767103549971462
920,1072,44.00000000000003,7.23739837398374,-0.031677057526022234
921,1074,34.00000000000002,6.231620553359683,-0.02569951672133819
922,1076,31.000000000000018,5.545454545454545,0.06219561662474338
923,1078,41.00000000000003,6.866404715127701,0.02247610031162628
924,1079,47.00000000000003,7.0992234685073345,0.009317355513973058
925,1080,44.00000000000003,6.9823529411764715,-0.0399288660560162
926,1081,47.00000000000003,7.28482972136223,0.04142861378992557
927,1082,41.000000000000014,6.760141093474426,-0.0394345898808498
928,1084,28.000000000000014,5.863905325443788,0.005989924179902073
929,1085,37.00000000000002,6.441265060240964,0.024297582582248567
930,1086,47.00000000000003,7.024901703800786,0.004093488669339007
931,1087,49.00000000000004,7.4699331848552335,-0.013387970310288821
932,1088,55.000000000000036,7.854060193072117,-0.04209753883987688
933,1089,51.00000000000003,7.807228915662651,0.04262399194318767
934,1090,50.000000000000036,7.199380165289256,0.04368550809001559
935,1091,51.00000000000003,7.268722466960351,-0.04387198701210582
936,1092,53.00000000000004,7.549609810479375,0.04647042712817018
937,1094,47.00000000000003,7.110091743119265,-0.028143053577666888
938,1095,53.00000000000004,7.480717488789239,0.01462032559470805
939,1096,54.00000000000004,7.714723926380367,-0.028377985948255913
940,1097,26.000000000000014,5.956967213114754,-0.0177813938512158
941,1098,29.000000000000018,6.010771992818672,-0.012208152465376099
942,1099,29.000000000000018,6.040609137055838,-0.025230523491490464
943,1100,34.00000000000002,6.0871559633027505,-0.0009139252590839586
944,1101,46.00000000000003,7.022801302931596,0.0115124043853152
945,1102,15.000000000000004,4.6000000000000005,-0.006444266791643005
946,1103,41.00000000000003,6.612284069097888,-0.03166834440531385
947,1104,41.00000000000003,6.769406392694064,-0.02132764276870014
948,1105,26.000000000000014,5.554524361948956,0.0022487109424900176
949,1106,23.00000000000001,5.743538767395626,-0.014379586804304623
950,1107,35.00000000000002,6.3642578125,0.024552983666748074
951,1108,44.00000000000003,6.939495798319327,0.023378870832225784
952,1109,44.00000000000003,6.600405679513185,0.010237361172021009
953,1110,36.00000000000002,6.753246753246754,0.024260149131596798
954,1111,42.00000000000003,6.726513569937368,0.03142936462377721
955,1112,38.00000000000003,6.546534653465348,0.007077343832949334
956,1113,29.000000000000018,6.227513227513225,-0.027648013327293164
957,1115,31.000000000000018,5.63779527559055,-0.05015713509236497
958,1116,51.00000000000003,7.161073825503357,-0.0620653454895842
959,1117,42.00000000000003,6.869745411486084,0.026359914793767758
960,1118,38.00000000000003,6.589067524115756,0.024349802630373674
961,1119,35.00000000000002,6.444184231069477,-0.03779248691197212
962,1120,41.00000000000003,6.80952380952381,0.01328036714218428
963,1121,35.00000000000002,6.4032096288866605,0.0019211549221626045
964,1122,38.00000000000003,6.591878172588833,0.015542185126276031
965,1123,40.00000000000003,6.628654970760234,-0.04334520348496873
966,1124,46.00000000000002,7.048342541436464,0.025721652823978536
967,1126,48.000000000000014,7.262820512820514,-0.02775254690818396
968,1127,40.00000000000003,6.764935064935066,-0.017743365791681454
969,1128,42.00000000000003,6.92520325203252,0.005458167813498949
970,1129,40.00000000000003,6.72191011235955,0.0045001746545116905
971,1130,37.00000000000002,6.512437810945274,0.0016161863567806245
972,1132,38.00000000000003,6.64606265876376,0.04083409706475816
973,1133,41.00000000000003,6.983852364475201,0.03292768327707729
974,1135,40.00000000000003,6.834848484848484,0.038412710345643974
975,1136,36.00000000000002,6.433839479392624,0.01012365083925626
976,1137,42.00000000000003,6.705882352941177,-0.030334063566037184
977,1138,41.00000000000003,6.611961057023644,0.030430738844589245
978,1140,42.00000000000003,7.024660912453761,-0.013983486504125398
979,1141,34.00000000000002,6.342261904761905,-0.0034525189207900153
980,1142,55.000000000000036,8.135395537525355,0.02621625905027869
981,1143,38.00000000000003,6.357266435986159,-0.033604050824739495
982,1144,46.00000000000003,7.0879249706916765,-0.010057988471417367
983,1145,45.000000000000036,7.078488372093025,0.01966304412581843
984,1146,48.000000000000036,7.222832052689353,0.05446993318142812
985,1147,42.00000000000003,6.996946564885496,-0.020691199579346287
986,1148,30.000000000000018,5.693548387096775,-0.01795859347560458
987,1149,37.00000000000002,6.441176470588235,0.041880563879473365
988,1150,28.000000000000014,6.03458213256484,0.019054524133210293
989,1151,43.00000000000003,6.861702127659575,0.032101292040172535
990,1152,47.000000000000014,6.857657657657658,-0.05092949835828353
991,1153,33.00000000000002,6.181192660550459,0.006168696388474948
992,1156,33.00000000000002,5.958105646630237,-0.01022677656366866
993,1157,30.000000000000018,6.103191489361702,0.039392989151688984
994,1158,35.00000000000002,6.2339449541284395,0.025074439190243325
995,1160,25.000000000000014,5.456973293768546,0.013753290238090243
996,1161,43.00000000000003,6.764525993883792,-0.0343029945994171
997,1162,33.00000000000002,6.195121951219513,0.02748108995558307
998,1163,42.000000000000014,6.668508287292818,-0.0018794028373636529
999,1164,48.000000000000036,7.100441501103753,-0.030547985436956693
1000,1165,42.00000000000003,6.620772946859903,-0.004767066844350576
1001,1166,46.00000000000002,6.928348909657321,-0.010992548385833745
1002,1167,31.000000000000018,6.018518518518517,0.0483226282947703
1003,1168,48.00000000000003,7.2405063291139244,0.009410938188452733
1004,1169,40.00000000000003,6.570637119113574,-0.015328649929036597
1005,1170,47.00000000000003,7.188906752411574,0.051124172217976493
1006,1171,48.000000000000036,7.15481832543444,-0.04419638971605977
1007,1172,53.00000000000004,7.684820393974508,0.03489287088545623
1008,1174,36.00000000000002,6.5875776397515535,-0.01936825661567454
1009,1177,35.00000000000002,6.403242147922999,0.005185663518324279
1010,1178,31.000000000000018,6.02373887240356,-0.015227448388138276
1011,1179,47.00000000000003,7.103174603174601,-0.032640222649306994
1012,1180,45.000000000000036,6.974999999999999,-0.05152903376666795
1013,1181,44.00000000000003,6.70985401459854,0.015191267913226558
1014,1182,39.000000000000014,6.505882352941176,0.06447592023220372
1015,1183,24.000000000000014,5.542772861356932,0.022906555736429746
1016,1184,44.00000000000003,6.8920539730134935,0.04304362062827538
1017,1185,38.000000000000014,6.529745042492919,-0.005425230990527274
1018,1186,42.00000000000003,6.862944162436548,-0.010335202508374608
1019,1187,37.00000000000002,6.471610660486674,0.029340418249836797
1020,1189,38.00000000000003,6.518518518518519,-0.03812851513642668
1021,1190,45.000000000000036,6.9,0.044643062155338975
1022,1191,44.00000000000002,6.973412112259971,0.04621839654284787
1023,1192,36.00000000000002,6.633720930232558,-0.0014852850600980405
1024,1193,33.00000000000002,6.210526315789475,0.00590940073436208
1025,1194,40.00000000000003,6.539534883720932,-0.0038888573237291224
1026,1195,43.00000000000003,7.339263024142312,0.025205592983204017
1027,1196,35.00000000000002,6.661631419939578,-0.013381626183523676
1028,1198,40.00000000000003,6.541143654114366,-0.01914829856621847
1029,1202,33.00000000000002,6.006976744186047,0.03326341053435078
1030,1203,49.00000000000004,7.256997455470737,-0.005565007396379329
1031,1204,38.00000000000003,6.358353510895884,-0.03823262831441587
1032,1205,39.00000000000003,6.7764423076923075,-0.0331091948396276
1033,1206,46.00000000000003,7.060344827586207,-0.027384576738395228
1034,1207,45.000000000000014,6.845864661654136,-0.04386658237326824
1035,1208,42.00000000000003,6.6923076923076925,-0.0002551065008129516
1036,1209,50.000000000000036,7.076923076923077,-0.0584103104566186
1037,1210,59.00000000000004,8.24648337595908,0.026289645832447306
1038,1211,52.000000000000036,7.582562747688243,0.034800652605158855
1039,1212,45.000000000000036,6.975285171102662,0.0566292397476752
1040,1214,42.00000000000003,6.796875000000001,0.0011229906789573807
1041,1215,44.00000000000003,6.86228813559322,0.002312163635069475
1042,1216,21.00000000000001,5.1736111111111125,0.02622112389102771
1043,1217,32.00000000000002,6.020761245674741,0.006785004203866296
1044,1218,42.00000000000003,6.728373702422145,0.027787612031909825
1045,1219,43.00000000000003,6.869186046511628,0.0025045761638902153
1046,1220,31.000000000000018,5.923192771084336,0.03683112386661258
1047,1221,24.000000000000014,5.851985559566788,-0.014906522398075328
1048,1222,48.000000000000036,7.356804333107651,-0.024850332979303835
1049,1223,31.000000000000018,5.825077399380804,0.01800072921257545
1050,1224,33.00000000000002,6.0625,-0.015200296261145496
1051,1225,43.00000000000003,6.910659898477157,0.0028016305269755737
1052,1226,31.000000000000018,5.965811965811967,0.041220711394261644
1053,1227,27.000000000000014,5.879781420765027,0.005205376822117969
1054,1228,30.000000000000018,5.963068181818182,-0.031012400042681354
1055,1230,40.00000000000003,6.7136972193614834,0.041913827203095555
1056,1231,45.000000000000036,7.043269230769231,-0.01358534702483094
1057,1232,37.00000000000002,6.435661764705884,0.046666314738214365
1058,1233,42.00000000000003,6.5875299760191846,-0.02541790627956453
1059,1234,27.000000000000014,5.745562130177516,0.028449001423550446
1060,1235,33.00000000000002,6.350282485875706,0.026678247754089335
1061,1237,47.00000000000003,7.138528138528138,0.019539388404677838
1062,1238,47.00000000000003,7.125707814269536,0.016987019952118154
1063,1239,43.00000000000003,6.942567567567566,-0.026769115283579503
1064,1240,43.00000000000003,6.8821721311475414,-0.01149642335443024
1065,1241,41.00000000000003,7.098196392785571,-0.03638993582766192
1066,1243,38.00000000000003,6.697902097902098,0.04015080168502905
1067,1245,29.000000000000018,5.688524590163936,-0.004150640924881044
1068,1246,48.000000000000036,7.125799573560767,-0.0037828521866886122
1069,1248,42.00000000000003,6.652173913043478,0.01573666157281428
1070,1249,43.00000000000003,6.959276018099547,0.01045671790813596
1071,1250,45.000000000000036,7.138297872340425,0.03670066113275827
1072,1251,50.000000000000036,7.4610564010743055,0.040058724938011436
1073,1252,21.00000000000001,5.359102244389026,-0.028785412973269087
1074,1253,44.00000000000003,7.220077220077219,0.004279991964003971
1075,1254,47.00000000000003,7.369266055045871,0.008348250857326378
1076,1255,41.000000000000014,6.808798646362098,-0.019515214427483385
1077,1256,39.00000000000003,6.542857142857144,-0.04337559837723237
1078,1257,50.000000000000036,7.590909090909092,0.013462379883093178
1079,1258,39.000000000000014,6.505084745762712,-0.012749320929727914
1080,1259,37.00000000000002,6.757251908396946,0.018382631630161517
1081,1260,34.00000000000002,6.466911764705882,-0.03692168467723356
1082,1261,38.00000000000003,6.703412073490814,0.0025085268027678076
1083,1262,37.00000000000002,6.322097378277153,-0.034295522454536154
1084,1263,35.00000000000002,6.40625,-0.014156621261278257
1085,1264,42.00000000000003,6.872458410351201,-0.03241121661339108
1086,1265,40.00000000000003,6.363636363636363,0.048966162604044294
1087,1268,31.000000000000018,5.844537815126051,0.01894097001983086
1088,1269,29.000000000000018,5.86206896551724,-0.013691563407698837
1089,1270,38.00000000000003,6.250927070457355,0.03046351009388648
1090,1271,23.00000000000001,5.663003663003663,-0.0008287926633968601
1091,1272,31.000000000000018,6.1090909090909085,-0.02156403067958479
1092,1273,28.000000000000014,5.98814229249012,-0.01323117323679579
1093,1274,29.000000000000018,5.965714285714285,-0.0015434234860577378
1094,1276,40.00000000000003,6.428571428571427,-0.029096501912692974
1095,1277,41.00000000000003,6.535211267605634,-0.03756638895996767
1096,1278,43.00000000000003,6.80327868852459,-0.012983392556348283
1097,1279,50.00000000000003,7.4006309148264995,-0.005342340622278119
1098,1280,34.00000000000002,6.222402597402597,0.030119097822166596
1099,1281,43.00000000000003,7.031948881789138,0.015675891769893258
1100,1283,33.00000000000002,6.094339622641509,0.0491921527469118
1101,1284,36.000000000000014,6.201058201058201,-0.024997656449849526
1102,1285,18.000000000000007,5.0673076923076925,0.009050476443105748
1103,1286,16.000000000000007,4.766726943942134,-0.03384737740661581
1104,1287,17.000000000000007,5.191304347826087,0.05208445569642395
1105,1288,51.000000000000014,7.2408575031525855,-0.04273287626257383
1106,1289,51.00000000000003,7.358974358974359,0.04983024344181752
1107,1290,46.00000000000003,6.819536423841059,-0.033436182181323826
1108,1292,35.00000000000002,6.756893382352941,0.026496719716131656
1109,1293,49.00000000000004,7.529819694868238,0.008282265124633925
1110,1295,38.00000000000001,6.230136986301369,0.016872451063439375
1111,1296,37.00000000000002,6.350762527233115,-0.023146612760559293
1112,1297,36.00000000000002,6.245862884160758,-0.02270687214687328
1113,1298,37.00000000000002,6.3048780487804885,-0.04658445542712253
1114,1299,46.00000000000003,7.181818181818182,-0.040048596674539416
1115,1300,46.000000000000014,6.901639344262295,-0.024014668348314783
1116,1301,52.00000000000003,7.687218045112782,-0.011467638495758714
1117,1302,48.00000000000003,7.364197530864196,0.004454181824769643
1118,1303,44.00000000000003,6.978820835718374,0.018669257707522924
1119,1311,42.00000000000003,6.736916548797738,0.027845806677718077
1120,1312,43.00000000000003,7.009433962264151,-0.011684391351874157
1121,1313,41.00000000000003,6.782991202346041,0.02584205508964632
1122,1317,33.00000000000002,6.375275938189845,-0.009380351775348017
1123,1324,29.000000000000018,5.807692307692308,-0.029190197276191987
1124,1325,39.00000000000003,6.791164658634539,0.0388261880263272
1125,1327,48.00000000000003,7.1524064171122985,-0.019494893009110115
1126,1328,39.00000000000003,6.3988269794721395,0.0002132246722900133
1127,1331,34.00000000000002,6.030030030030031,0.009010380435207077
1128,1332,28.000000000000014,5.914572864321608,0.014769822013481981
1129,1335,41.00000000000003,6.900452488687783,0.015679288196028707
1130,1336,43.00000000000003,6.857456140350878,0.0006267596099231998
1131,1338,22.00000000000001,5.483050847457627,-0.004485137241240333
1132,1339,29.000000000000018,6.14501510574018,0.003874209427870201
1133,1340,27.000000000000014,5.3357142857142845,-0.03206174251600946
1134,1341,18.000000000000007,5.169811320754716,0.014118592382944772
1135,1342,19.000000000000007,5.527306967984934,-0.04410742100328813
1136,1343,20.000000000000007,5.412109375,0.027569259796148327
1137,1344,35.00000000000002,6.0175438596491215,0.021467547696976674
1138,1345,11.0,3.1594202898550727,0.11538185684119018
1139,1346,36.00000000000002,6.205761316872427,-0.007867789154713867
1140,1347,49.00000000000004,7.156053811659192,0.012180998602467352
1141,1348,42.00000000000003,6.50079491255962,-0.02963054034260726
1142,1349,29.000000000000018,5.837675350701401,-0.021424755574386167
1143,1350,39.00000000000003,6.445392491467578,-0.014513986528848388
1144,1351,24.000000000000014,5.716337522441652,0.02319580039238356
1145,1352,44.00000000000002,6.854024556616643,0.03311687070764624
1146,1356,45.000000000000014,7.277611940298507,0.02884571205493469
1147,1357,42.00000000000002,6.779334500875657,0.016232137389475487
1148,1358,42.00000000000003,6.948586118251928,-0.013057132468753618
1149,1359,32.00000000000002,6.226966292134831,0.029742441441806267
1150,1360,31.000000000000018,6.324483775811209,0.000957624905925103
1151,1361,31.000000000000018,6.265822784810126,-0.024541346785536877
1152,1362,42.00000000000002,6.842406876790832,-0.02810087677793649
1153,1363,53.00000000000004,7.659978880675818,-0.028423636099800365
1154,1364,53.00000000000004,7.713819368879216,0.00275469649207305
1155,1365,52.000000000000036,7.797225186766276,0.03609293100354616
1156,1366,51.00000000000003,7.449223416965351,0.002707002886615628
1157,1367,52.000000000000036,7.69404761904762,-0.025245623345765078
1158,1368,45.000000000000036,6.987762237762238,0.045441046360130244
1159,1369,44.00000000000003,6.834310850439883,0.0006436522962213198
1160,1370,34.00000000000002,6.184466019417475,-0.0007987320804209164
1161,1371,44.00000000000002,7.1982248520710055,-0.03287676097400771
1162,1372,52.000000000000036,7.494805194805195,0.001971230022158932
1163,1373,48.00000000000003,7.081168831168831,0.058023111975348596
1164,1374,45.000000000000014,7.063868613138686,-0.013861598133892317
1165,1375,50.000000000000036,7.422818791946309,0.01576110156626387
1166,1377,40.00000000000003,6.774809160305344,0.038640971294287896
1167,1378,28.000000000000014,5.847222222222221,-0.01829131359179681
1168,1379,53.00000000000003,7.625984251968504,0.02517964608867962
1169,1380,34.00000000000002,6.19504132231405,0.031152643418226322
1170,1381,46.00000000000002,7.160771704180064,0.050936975627749126
1171,1382,50.000000000000036,7.677811550151975,0.01703671631806447
1172,1384,44.00000000000003,6.87251828631139,0.02897512222559262
1173,1385,27.000000000000014,5.815533980582525,0.020106549761897186
1174,1386,19.000000000000007,5.565400843881856,-0.015448212143996831
1175,1387,25.000000000000014,6.300000000000001,-0.02268522327240796
1176,1388,28.000000000000014,6.182648401826483,-0.0005931413249632422
1177,1389,30.000000000000018,6.4502369668246455,0.022348762411454226
1178,1390,27.000000000000014,5.8693181818181825,-0.029234446807186676
1179,1391,48.000000000000014,7.284153005464479,0.005931730441688821
1180,1397,39.00000000000003,6.89150460593654,-0.006508120715729149
1181,1398,36.00000000000002,6.498637602179838,-0.006466741471712001
1182,1399,42.00000000000003,6.699842022116903,-0.04249575857555421
1183,1400,37.00000000000002,6.63349131121643,0.025524624664576723
1184,1401,30.000000000000018,6.427934621099554,0.013528044837397335
1185,1403,35.000000000000014,6.482456140350876,-0.018254310046447397
1186,1406,24.000000000000014,5.688995215311005,0.012566901559751043
1187,1407,21.00000000000001,5.792270531400966,0.038370549625765915
1188,1408,37.00000000000002,6.647177419354839,0.026868536147846345
1189,1410,48.000000000000036,7.071240105540897,-0.023484736342438306
1190,1411,22.00000000000001,5.76595744680851,-0.046123652576998686
1191,1412,51.00000000000003,7.425567703952901,0.050535317506082644
1192,1413,48.00000000000003,7.026763990267639,0.018683491824243226
1193,1414,45.000000000000036,7.076167076167076,-0.0020630900178469913
1194,1415,45.000000000000036,6.725773195876288,-0.002123406588666721
1195,1416,49.00000000000002,7.086715867158672,0.0583341921997218
1196,1417,48.000000000000036,7.01255230125523,0.05015765433247288
1197,1418,50.00000000000003,7.503759398496241,0.03204193742409345
1198,1419,49.00000000000002,7.245454545454546,-0.006112819026149685
1199,1420,43.00000000000003,6.660332541567695,0.033983696170575395
1200,1421,45.000000000000014,6.887323943661971,-0.0033099003375183234
1201,1422,48.000000000000036,7.004962779156329,-0.03440573807001024
1202,1423,44.00000000000003,6.730077120822623,-0.024827893360524267
1203,1424,51.99999999999996,7.395061728395062,-0.02927266532906514
1204,1425,52.00000000000003,7.548885077186965,-0.005627515677564032
1205,1426,45.000000000000014,7.080086580086579,0.0077202549513142316
1206,1427,27.000000000000014,5.987468671679198,-0.006452817356757734
1207,1428,38.000000000000014,6.196874999999999,-0.024830543565693475
1208,1429,48.000000000000014,7.073569482288828,-0.011446722762581407
1209,1430,56.00000000000004,7.959709379128138,0.05046857619133238
1210,1431,41.00000000000003,6.791666666666667,0.014643136893514486
1211,1432,48.00000000000003,7.120781527531084,0.004549280893964003
1212,1433,36.00000000000002,6.4493670886075956,0.004400120233176152
1213,1434,47.00000000000003,7.0344827586206895,0.007429267390859029
1214,1435,45.000000000000036,6.907467532467533,0.0073900758715562676
1215,1436,44.00000000000003,6.932900432900434,0.010947776939220333
1216,1437,50.00000000000003,7.167058823529413,-0.051473364952703715
1217,1438,46.00000000000003,6.892601431980907,-0.060448672360135625
1218,1439,51.00000000000003,7.2702078521939955,0.020056545935863035
1219,1440,28.000000000000014,5.643333333333334,-0.016547533041441187
1220,1441,40.00000000000003,6.943502824858757,0.002539555967620233
1221,1442,18.000000000000007,5.3432432432432435,0.03958888026330021
1222,1443,41.00000000000003,6.402702702702701,-0.03969291317340817
1223,1444,39.00000000000003,6.327077747989277,-0.004694642098593715
1224,1445,39.00000000000003,6.352150537634409,0.005077873387831944
1225,1448,40.000000000000014,6.584269662921348,-0.009048815492881501
1226,1450,46.00000000000003,7.2085889570552135,-0.03994228144897849
1227,1451,17.000000000000007,4.811855670103093,-0.06828687067634986
1228,1452,26.000000000000014,5.823809523809523,-0.00027927743751321454
1229,1453,55.000000000000036,8.09958071278826,-0.02200881114500608
1230,1454,45.000000000000036,7.153771760154739,-0.00254332002113411
1231,1455,17.000000000000007,4.960227272727273,0.036204767790654624
1232,1456,39.00000000000003,6.441558441558439,-0.009204883995752255
1233,1457,42.00000000000003,6.889643463497452,0.04697369278628083
1234,1459,46.00000000000003,7.041002277904328,-0.023029565962822462
1235,1460,35.00000000000002,6.307984790874525,0.0001693986646600365
1236,1462,53.00000000000004,7.6242774566474,0.04455404345054226
1237,1465,44.00000000000002,6.808664259927798,-0.02530376296215453
1238,1468,30.000000000000018,5.858806404657933,-0.010669049447451173
1239,1469,35.00000000000002,6.496513249651325,0.03512610151422324
1240,1470,53.00000000000004,7.745039682539682,-0.008188175914125906
1241,1471,57.00000000000004,7.916438356164383,-0.001640180674641445
1242,1472,53.00000000000004,7.5982142857142865,-0.04362655290447426
1243,1473,54.00000000000004,7.599693251533742,-0.046340379123810505
1244,1474,51.000000000000014,7.267419962335216,0.04289381964449135
1245,1475,49.00000000000004,7.217131474103586,-0.0022339249012842677
1246,1476,48.000000000000036,7.2801635991820035,0.022800908708532353
1247,1477,53.00000000000004,7.414376321353066,-0.04628787193380235
1248,1478,54.00000000000002,7.510022271714922,-0.055533554492288806
1249,1479,50.000000000000014,7.394936708860759,0.011054088716636823
1250,1480,41.00000000000003,6.48785046728972,0.006945765318256192
1251,1481,41.000000000000014,6.608024691358024,0.022818110868402353
1252,1482,51.00000000000003,7.873931623931624,0.010594318818570425
1253,1483,52.000000000000036,7.514991181657849,-0.04452810330567625
1254,1484,32.00000000000002,5.987108655616942,0.04005890468546647
1255,1485,52.00000000000002,7.489690721649485,-0.012020721653968947
1256,1486,52.00000000000003,7.630584192439864,-0.004038515850450786
1257,1487,38.00000000000003,6.5164930555555545,0.0121289137016517
1258,1488,48.00000000000003,7.350877192982456,-0.01615483634724002
1259,1489,43.00000000000003,6.835497835497836,0.0431438360155163
1260,1490,47.00000000000003,7.192634560906516,0.011253147685578058
1261,1491,50.00000000000003,7.804166666666667,-0.009130873663982353
1262,1492,42.00000000000003,6.929113924050634,0.011367605670828618
1263,1493,45.000000000000036,7.006756756756756,-0.022165178055923107
1264,1494,32.00000000000002,6.065404475043029,-0.014765336900042891
1265,1495,36.00000000000002,6.540935672514619,0.01966067970400165
1266,1496,24.000000000000014,5.777777777777779,0.024121713655598342
1267,1497,41.000000000000014,6.559440559440558,-0.04201000648646114
1268,1498,44.00000000000003,6.9335211267605645,-0.002277132472961907
1269,1500,37.00000000000002,6.353901996370237,-0.02385726211950867
